Player,Player ID
Minny,23169
starxo,565
marteen,10307
bipo,18400
GLYPH,8286
ZmjjKK,3520
cb,39697
nobody,3017
Smoggy,4742
CHICHOO,15559
happywei,37927
Rarga,22047
NoMan,11527
Lysoar,37489
WsLeo,24308
mada,5132
keiko,11494
skuba,11118
brawk,2172
Ethan,11225
leaf,7873
valyn,3885
trent,15500
jawgemo,3993
BABYBAY,2170
invy,8504
f0rsakeN,9801
d4v41,9803
something,17086
Jinggg,7378
stax,485
Munchkin,2489
iZu,29833
BuZz,804
Meteor,13039
MiniBoo,18350
kamo,14681
purp0,1885
nAts,457
wayne,24628
eeiu,796
nerve,754
artzin,5957
koalanoob,3722
alym,48025
Ivy,31829
Rb,488
Xross,42772
Dambi,31827
Francis,31828
lovers rock,40935
Loita,24344
Crewen,12795
Rosé,5565
Lar0k,31305
f4ngeer,21216
Au1,55038
Shr1mp,25494
iamgrq,58959
K1ra,46748
Rossy,1129
Inspire,53
keznit,2462
Eggsterr,35302
P0PPIN,21778
dgzin,8873
bao,34400
Okeanos,8373
C0M,619
supamen,826
Darker,10557
cauanzin,6193
Virtyy,3983
pANcada,683
lukxo,28716
OXY,18796
penny,7716
v1c,17433
Xeppaa,7871
Zellsis,729
benG,38857
mta,36169
NagZ,1294
infiltrator,9063
Governor,3980
Cryocells,4147
bang,3880
vora,20140
Asuna,601
Timotino,29893
PxS,13823
Sato,21659
kiNgg,8549
blowz,21251
spike,21661
aspas,8480
Mazino,7603
Verno,21668
tex,1818
zekken,4004
johnqt,1265
cortezia,5395
Reduxx,8419
Kyu,30470
N4RRATE,36245
Demon1,26171
Neon,29243
hiro,29867
Shao,384
Filu,4544
Ruxic,18677
sociablEE,5568
Avez,5654
SUYGETSU,2858
LewN,20144
dos9,16215
sheydos,1428
xeus,12793
yetujey,8369
MrFaliN,8044
KROSTALY,15735
baha,10114
seven,8376
al0rante,5292
qpert,7105
cNed,573
NINJA,28948
Favian,41720
audaz,40843
nekky,12670
sturNN,12226
d3mur,16447
Derke,5022
Chronicle,458
Jamppi,9780
PROFEK,5554
UNFAKE,4521
RieNs,10971
Boo,1144
Wo0t,21328
benjyfishy,29873
ComeBack,40591
grubinho,5550
Flickless,6959
westside,34684
Cloud,4181
ara,11332
crashies,4
kaajak,9554
Alfajer,9810
Boaster,438
Veqaj,12928
Kicks,11134
kellyS,7437
Sylvan,4056
JessieVash,2334
BerserX,4874
TenTen,29839
eKo,1960
Absol,34776
SugarZ3ro,6668
SyouTa,12990
Xdll,25221
primmie,25255
Killua,13784
thyy,42901
JitBoyS,13788
Leviathan,27254
Zexy,37532
Klaus,4426
XuNa,42733
oonzmlp,34926
C1ndeR,2149
xavi8k,7754
UdoTan,4428
Kr1stal,5796
Autumn,872
PatMen,13744
Caedye,29841
SSeeS,21438
yatsuka,29843
Akame,13002
Meiy,6672
Ash,25017
t3xture,9196
Karon,34974
ZynX,51099
Lakia,773
MaKo,4462
free1ng,1916
BeYN,4678
Hermes,17049
HYUNMIN,28400
xffero,4871
Kushy,4866
Jemkin,24895
crazyguy,1430
Monyet,8497
Kai,37494
deLb,10821
FengF,4770
LuoK1ng,3045
Viva,36415
Spring,14125
jowa,19292
SiuFatBB,7849
qiutiaN,43007
yosemite,6022
Life,3028
Setrod,50025
AAAAY,19530
BerLIN,7857
sScary,4382
splash,36685
Erv,55085
slowly,41739
sword9,3049
Scales,39485
GuanG,41054
GREEN,34181
Ezeir,46460
heybay,4712
OBONE,36670
zhe,49476
stew,16924
jkuro,3519
Yuicaw,11218
coconut,12365
lucas,19677
Haodong,4720
Abo,5011
Coco,47629
Dynamite,42235
nephh,10698
rushia,48878
Knight,4774
whzy,4885
bud,56260
vo0kashu,3741
Akeman,52904
SpiritZ1,31753
Nicc,11524
Flex1n,4705
Biank,3021
